{"0":null,"בני רייך 4":[32.294246,34.869993],"חשוון 4":[32.296896,34.872476],"הגלעד 8":[32.308931,34.871933],"אמנון ותמר 5":[32.275918,34.848772],"זאב ליבר 12":[32.300054,34.873137],"מנחם בגין 1":[32.27413,34.84272],"הפארק 25":[32.301155,34.880218],"בן אליעזר 37":[32.320157,34.857953],"זמנהוף 20":[32.319608,34.854058],"לוי אשכול 9":[32.298211,34.848078],"בר יהודה 11":[32.281947,34.855157],"קראוזה 4":[32.327966,34.854673],"ברוש 5":[32.299164,34.874748],"ירמיהו הלפרן 10":[32.320057,34.849808],"תאשור 3":[32.298424,34.875244],"האגמים 3":[32.292279,34.849429],"שבח 6":[32.318402,34.858624],"הרב שמואל הרטום 8":[32.3084,34.879521],"הברבור 2":[32.303459,34.882404],"יצחק קצנלסון 8":[32.285797,34.853602],"אמנון ותמר 9":[32.275918,34.848772],"גרינבוים 30":[32.295526,34.848772],"אורגד 1":[32.34467,34.873432],"הפארק 12":[32.301451,34.879594],"ח\"ן 25":[32.323319,34.849657],"שמורת נחל בשור 33":[32.28803,34.853708],"אירוס הארגמן 5":[32.284298,34.845319],"בני בנימין 51":[32.295057,34.842408],"תשרי 5":[32.296806,34.870631],"שמורת נחל בשור 19":[32.288434,34.854472],"דגניה 80":[32.298652,34.873061],"משה הס 16":[32.325404,34.859767],"דודו דותן 3":[32.275879,34.842365],"הבריגדה היהודית 5":[32.297983,34.845612],"הדרור 31":[32.307422,34.882828],"נורדאו 51":[32.279613,34.85598],"פינס 10":[32.32907,34.863245],"הרב שמואל הרטום 28":[32.309287,34.87465],"בן אב\"י 75":[32.317835,34.857186],"שלמה המלך 4":[32.334929,34.852952],"האלונים 1":[32.302598,34.8807],"ירושלים 1":[32.326115,34.851274],"הרצל 2":[32.329907,34.852643],"דגניה 89":[32.295857,34.873723],"הרב קוק 63":[32.336811,34.854662],"רמב\"ם 26":[32.314755,34.861046],"ד\"ר יוסף בורג 11":[32.342986,34.872886],"הפלדה 15":[32.318135,34.878661],"הרב ברוך הלברשטם 1":[32.342474,34.8544],"זומרשטיין 22":[32.341096,34.858953],"אריה לייב יפה 4":[32.283052,34.846916],"הרב פריגיה זוארץ 18":[32.313639,34.888082],"לבונטין 27":[32.321474,34.859103],"דודו דותן 2":[32.275809,34.843508],"קריניצי 20":[32.293486,34.851575],"אירוס הארגמן 31":[32.285714,34.84456],"האלונים 16":[32.302451,34.877774],"הלפרין ירמיהו 8":[32.319882,34.849508],"שבט 5":[32.295188,34.870285],"טום לנטוס 61":[32.296749,34.869594],"האגמים 13":[32.288967,34.849633],"זומרשטיין 28":[32.341797,34.858996],"קרל פופר 5":[32.291818,34.854549],"גולדה מאיר 20":[32.276523,34.852538],"פתח תקווה 37":[32.322732,34.860379],"נורדאו 47":[32.280107,34.855953],"ויצמן 93":[32.339613,34.859531],"בארי 28":[32.334688,34.860754],"בני בנימין 13":[32.298836,34.844051],"הזוהר 9":[32.308726,34.845497],"יהושע טהון 22":[32.341316,34.85673],"שמואל הנציב 40":[32.332049,34.856553],"אסתר המלכה 4":[32.310262,34.877286],"בן אב\"י 61":[32.318153,34.855757],"הפארק 23":[32.301768,34.880595],"אמנון ותמר 19":[32.275754,34.848716],"קרל פופר 3":[32.292182,34.854286],"שלונסקי 15":[32.285715,34.852908],"הרב שמואל הרטום 2":[32.308181,34.880598],"בני ברמן 5":[32.278071,34.84513],"איכילוב 1":[32.339438,34.856805],"ד\"ר יוסף בורג 10":[32.342646,34.872183],"סטופ 12":[32.296927,34.850229],"חרצית 19":[32.287297,34.851695],"ויצמן 94":[32.339972,34.860399],"לוי שושן 9":[32.280444,34.855308],"יהודה הלוי 14":[32.323361,34.857137],"בן צבי 126":[32.288751,34.8549],"הרב קוק 8":[32.330692,34.853607],"נורדאו 59":[32.279025,34.855617],"בן צבי 81":[32.295568,34.853424],"בנימין 77":[32.318495,34.855575],"הזמיר 14":[32.305607,34.882749],"אהוד מנור 6":[32.275315,34.840996],"זלמן שניאור 14":[32.283067,34.8485],"גבעת חיים 10":[32.335953,34.857448],"רד\"ק 4":[32.316653,34.858929],"סמילנסקי 75":[32.321922,34.849973],"מאירוביץ 5":[32.326691,34.856895],"הרב משולם ראט 17":[32.310243,34.853808],"קרן היסוד 10":[32.282751,34.848947],"נתן יונתן 14":[32.279762,34.840605],"אהוד מנור 4":[32.275068,34.841779],"יהודה הנשיא 13":[32.338637,34.857024],"קרל פופר 6":[32.291464,34.853946],"גרשון ש\"ץ 3":[32.317362,34.852942],"הרב יצחק הלוי 4":[32.279089,34.854009],"הרב שמואל הרטום 24":[32.308788,34.875963],"לבונטין 40":[32.320924,34.85813],"שלונסקי 1":[32.286924,34.854503],"האורזים 1":[32.323012,34.872897],"הגר\"א 6":[32.310061,34.858693],"סמילנסקי 73":[32.322133,34.850104],"החפץ חיים 1":[32.295051,34.845574],"הרב שמואל הרטום 29":[32.309519,34.875687],"בני בנימין 3":[32.299447,34.843091],"יהודה הנשיא 27":[32.338409,34.859063],"שבזי 8":[32.314629,34.855306],"יצחק בן חנן 3":[32.311507,34.887506],"אמנון ותמר 22":[32.276901,34.84837],"בן צבי 104":[32.293754,34.852078],"אברהם שפיגלמן 12":[32.307452,34.872653],"החפץ חיים 4":[32.295984,34.845533],"תאשור 1":[32.298074,34.875648],"לוי אשכול 23":[32.296374,34.847304],"הרב פריגיה זוארץ 16":[32.313765,34.887849],"קפלן 23":[32.320042,34.887378],"לוטם 5":[32.274573,34.846136],"בנימין 48":[32.321939,34.85569],"פתח תקוה 39":[32.322551,34.860225],"הרב יעקב רקח 4":[32.314763,34.888416],"זנגביל 36":[32.332671,34.861472],"שמורת נחל בניאס 5":[32.292778,34.850553],"זלמן שז\"ר 14":[32.275531,34.846138],"החשמונאים 7":[32.333489,34.862718],"דיזנגוף 43":[32.329016,34.853423],"ויצמן 108":[32.34131,34.860546],"ילין 24":[32.331279,34.864859],"סנש חנה 10":[32.323679,34.865599],"הל\"ה 2":[32.325425,34.861804],"הרב יאנה 4":[32.308604,34.875391],"הדרור 33":[32.307422,34.882828],"החשמונאים 11":[32.334099,34.861968],"ראשון לציון 20":[32.32777,34.850065],"ויצמן 86":[32.335119,34.859337],"לוי אשכול 21":[32.296661,34.847416],"זומרשטיין 4":[32.339531,34.858738],"בורוכוב 5":[32.336365,34.855843],"הפארק 9":[32.305046,34.880968],"נתן יונתן 22":[32.280201,34.839502],"טרומפלדור 32":[32.340684,34.863813],"נתן יונתן 7":[32.279367,34.839744],"שלמה המלך 22":[32.336488,34.85418],"שמורת נחל בשור 35":[32.288038,34.853323],"סמילנסקי 9":[32.327321,34.855462],"המהר\"ל מפראג 4":[32.315655,34.862403],"ויצמן 8":[32.328949,34.858945],"מרשל פייר קניג 37":[32.305772,34.845154],"ניסנבוים 14":[32.33044,34.864747],"זומרשטיין 21":[32.341831,34.858638],"שמואל דיין 6":[32.311807,34.877622],"זלמן שז\"ר 12":[32.27543,34.845542],"סמילנסקי 65":[32.322884,34.850577],"הלילך 29":[32.270914,34.843109],"דב שילנסקי 4":[32.281531,34.852288],"האלונים 28":[32.301723,34.881696],"פנחס לבון 25":[32.28482,34.854975],"ניצה 22":[32.338755,34.852425],"הגליל 5":[32.325384,34.854733],"מאיר עמית 8":[32.308864,34.85952],"דיזנגוף 4":[32.331736,34.855926],"עולש מצוי 16":[32.272626,34.842798],"בן צבי 92":[32.295147,34.852541],"בן צבי 86":[32.29559,34.852619],"בן צבי 64":[32.297766,34.85307],"בן צבי 70":[32.296813,34.852858],"גרינבוים 4":[32.294737,34.852215],"שמורק 36":[32.298281,34.852592],"בן צבי 94":[32.295024,34.852509],"בן צבי 68":[32.297058,34.852918],"גרינבוים 2":[32.294688,34.852362],"שמורק 14":[32.29504,34.851775],"שמורק 16":[32.296174,34.851845],"ירמיהו 5":[32.300866,34.855607],"בן צבי 90":[32.295341,34.852584],"בן צבי 66":[32.297247,34.852958],"שמורק 26":[32.297139,34.852326],"שמורק 24":[32.296877,34.852258],"גרינבוים 6":[32.294769,34.852081],"בן צבי 88":[32.295473,34.852596],"בארי 20":[32.333684,34.860589],"שמורק 34":[32.298094,34.852481],"שמורק 28":[32.297401,34.852378],"שמורק 32":[32.297959,34.852531],"בן גוריון 143":[32.292235,34.842814],"בן צבי 60":[32.317513,34.856572],"שמורק 38":[32.298419,34.852555],"הרב שמעון גבאי 6":[32.320792,34.856674],"בן צבי 72":[32.296804,34.852598],"שמורק 30":[32.297825,34.852578],"יחזקאל 20":[32.3005,34.856356],"אהוד מנור 2":[32.275184,34.842739],"הגולן 9":[32.30866,34.872396],"טרומפלדור 22":[32.340212,34.863297],"גולדה מאיר 16":[32.277441,34.85155],"עגנון 4":[32.281187,34.851463],"סמילנסקי 67":[32.322691,34.850373],"סמילנסקי 77":[32.32169,34.849827],"ויצמן 102":[32.340743,34.86052],"ויצמן 52":[32.334564,34.859626],"דיזנגוף 23":[32.33011,34.854282],"פתח תקווה 10":[32.325084,34.860518],"לוטם 3":[32.274997,34.846543],"הרצל 11":[32.329706,34.854559],"דיזנגוף 12":[32.331076,34.854678],"דוד המלך 14":[32.332457,34.851802],"התנועה הציונית 8":[32.344866,34.862962],"אברהם שפירא 14":[32.323183,34.858132],"השחף 1":[32.305463,34.882343],"בן יהודה 14":[32.322856,34.851703],"ברוש 3":[32.299203,34.87425],"גורדון 28":[32.332585,34.858116],"האר\"י 12":[32.312075,34.856536],"סוקולוב 23":[32.342152,34.862311],"האלונים 20":[32.3023,34.878629],"האלונים 26":[32.301872,34.881175],