{"אגם 3 - בתכנון":[32.280409,34.849853],"רמת אפרים":[32.321942,34.863275],"מע\"ר - מרכז עירוני ראשי":[32.315544,34.855146],"פרדס הגדוד":[32.34426,34.865112],"מרכז העיר":[32.334265,34.862277],"קריית השרון":[32.302534,34.873402],"נוף הטיילת":[32.312656,34.84504],"נווה אוז":[32.294624,34.846186],"עין התכלת":[32.349528,34.859107],"רמת יגאל ידין - דורה":[32.297814,34.857972],"רסקו":[32.481361,34.974141],"קריית יהלום - פארק תעשיות":[32.313164,34.87158],"אבו שדיד":[32.3195,34.852625],"נאות הרצל":[32.335074,34.868747],"אזור תעשיה פנחס ספיר צפון":[32.017487,34.814631],"משכנות זבולון":[32.309107,34.878121],"בן ציון":[32.31611,34.85625],"נאות מנחם בגין":[32.27413,34.84272],"מכנס":[32.32782,34.849506]}